incident_time,incident_number,incident_location,nature,incident_ori,day_of_week,time_of_day,latitude,longitude,side_of_town,weather_code,nature_count,incident_rank,location_count,location_rank,EMSSTAT
2024-03-01 00:05:00,2024-00014834,4TH/SUNNYLANE,MVA Non Injury,OK0140200,6,0,29.2371,-94.9057,SE,3.0,5,214,1,138,False
2024-03-01 00:24:00,2024-00014835,12TH AVE NE / SONOMA PARK DR,Traffic Stop,OK0140200,6,0,37.6628,-120.9527,NW,2.0,41,1,1,138,False
2024-03-01 00:28:00,2024-00014836,1600 ANN BRANDEN BLVD,Disturbance/Domestic,OK0140200,6,0,35.1822,-97.4139,SE,3.0,14,76,1,138,False
2024-03-01 00:33:00,2024-00014837,500 OKMULGEE ST,Traffic Stop,OK0140200,6,0,,,W,,41,1,1,138,False
2024-03-01 00:48:00,2024-00014838,1016 E LINDSEY ST,Traffic Stop,OK0140200,6,0,22.5589,88.353,SE,0.0,41,1,1,138,False
2024-03-01 00:52:00,2024-00004392,2000 ANN BRANDEN BLVD,Transfer/Interfacility,EMSSTAT,6,0,35.1869,-97.4073,SE,3.0,19,42,1,138,True
2024-03-01 00:59:00,2024-00014839,N FLOOD AVE / W ROCK CREEK RD,Traffic Stop,OK0140200,6,0,45.549,-122.8777,NW,51.0,41,1,1,138,False
2024-03-01 01:02:00,2024-00003323,3300 MARSHALL AVE,Fire Smoke Investigation,14005,6,1,-37.6601,175.5254,SE,0.0,1,310,1,138,False
2024-03-01 01:03:00,2024-00014840,1115 W LINDSEY ST,Traffic Stop,OK0140200,6,1,,,W,,41,1,1,138,False
2024-03-01 01:07:00,2024-00014841,48TH AVE NW / KATHY LYNN DR,Traffic Stop,OK0140200,6,1,42.464,-70.9508,NE,0.0,41,1,1,138,False
2024-03-01 01:17:00,2024-00014842,1392 W LINDSEY ST,Traffic Stop,OK0140200,6,1,,,W,,41,1,1,138,False
2024-03-01 01:24:00,2024-00014843,208 W TIMBERDELL RD,Traffic Stop,OK0140200,6,1,,,W,,41,1,1,138,False
2024-03-01 01:31:00,2024-00014844,907 W LINDSEY ST,Traffic Stop,OK0140200,6,1,,,W,,41,1,1,138,False
2024-03-01 01:31:00,2024-00014845,N FLOOD AVE / 24TH AVE NW,Traffic Stop,OK0140200,6,1,-34.7544,146.5613,SE,1.0,41,1,1,138,False
2024-03-01 01:31:00,2024-00014847,2960 CLASSEN BLVD,Trespassing,OK0140200,6,1,,,W,,12,117,1,138,False
2024-03-01 01:33:00,2024-00014846,1622 ALAMEDA ST,Traffic Stop,OK0140200,6,1,,,W,,41,1,1,138,False
2024-03-01 01:41:00,2024-00014848,769 ASP AVE,Welfare Check,OK0140200,6,1,,,W,,14,76,2,62,False
2024-03-01 01:41:00,2024-00003324,1523 MELROSE DR,Unconscious/Fainting,14005,6,1,,,W,,5,214,2,62,True
2024-03-01 01:41:00,2024-00004393,1523 MELROSE DR,Falls,EMSSTAT,6,1,,,W,,15,61,2,62,True
2024-03-01 01:54:00,2024-00014849,2741 CLASSEN BLVD,Traffic Stop,OK0140200,6,1,,,W,,41,1,1,138,False
2024-03-01 01:59:00,2024-00014851,3300 HEALTHPLEX PKWY,Trespassing,OK0140200,6,1,,,W,,12,117,6,16,False
2024-03-01 01:59:00,2024-00014850,576 S UNIVERSITY BLVD,Traffic Stop,OK0140200,6,1,,,W,,41,1,1,138,False
2024-03-01 02:20:00,2024-00014853,400 26TH AVE NW,Alarm,OK0140200,6,2,,,W,,10,152,3,44,False
2024-03-01 02:21:00,2024-00014852,209 CHALMETTE DR,Trespassing,OK0140200,6,2,,,W,,12,117,3,44,False
2024-03-01 02:33:00,2024-00014854,2556 CLASSEN BLVD,Alarm Holdup/Panic,OK0140200,6,2,,,W,,3,273,1,138,False
2024-03-01 02:53:00,2024-00003326,1150 ALAMEDA ST,Sick Person,14005,6,2,,,W,,9,162,4,28,True
2024-03-01 02:53:00,2024-00004394,1150 ALAMEDA ST,Sick Person,EMSSTAT,6,2,,,W,,9,162,4,28,True
2024-03-01 02:53:00,2024-00014855,1150 ALAMEDA ST,Public Intoxication,OK0140200,6,2,,,W,,4,229,4,28,True
2024-03-01 02:53:00,2024-00014858,1150 ALAMEDA ST,Public Intoxication,OK0140200,6,2,,,W,,4,229,4,28,True
2024-03-01 03:00:00,2024-00003325,800 CANADIAN TRAILS DR,Public Assist,14005,6,3,35.18,-97.4528,SW,2.0,4,229,1,138,False
2024-03-01 03:13:00,2024-00014856,2815 MONITOR AVE,Larceny,OK0140200,6,3,,,W,,9,162,1,138,False
2024-03-01 03:39:00,2024-00003327,2901 OAK TREE AVE,Sick Person,14005,6,3,,,W,,9,162,4,28,True
2024-03-01 03:39:00,2024-00004395,2901 OAK TREE AVE,Sick Person,EMSSTAT,6,3,,,W,,9,162,4,28,True
2024-03-01 03:54:00,2024-00014857,3601 N FLOOD AVE,Trespassing,OK0140200,6,3,,,W,,12,117,1,138,False
2024-03-01 03:59:00,2024-00014859,604 RIDGE LAKE BLVD,Alarm,OK0140200,6,3,,,W,,10,152,1,138,False
2024-03-01 04:06:00,2024-00004396,3300 HEALTHPLEX PKWY,Transfer/Interfacility,EMSSTAT,6,4,,,W,,19,42,6,16,True
2024-03-01 04:15:00,2024-00004397,1544 OK-9,Chest Pain,EMSSTAT,6,4,52.4763,4.8098,NE,51.0,3,273,1,138,True
2024-03-01 04:20:00,2024-00014860,400 26TH AVE NW,Burglary,OK0140200,6,4,,,W,,5,214,3,44,False
2024-03-01 04:28:00,2024-00014861,202 WOODCREST DR,Harassment / Threats Report,OK0140200,6,4,,,W,,4,229,1,138,False
2024-03-01 04:44:00,2024-00014862,313 POTOMAC DR,Alarm,OK0140200,6,4,,,W,,10,152,1,138,False
2024-03-01 05:39:00,2024-00014863,2600 W ROBINSON ST,Trespassing,OK0140200,6,5,,,W,,12,117,1,138,False
2024-03-01 05:39:00,2024-00003328,909 24TH AVE SW,Allergies/Envenomations,14005,6,5,42.3149,-83.0802,NE,0.0,2,288,2,62,True
2024-03-01 05:39:00,2024-00004398,909 24TH AVE SW,Allergies/Envenomations,EMSSTAT,6,5,42.3149,-83.0802,NE,0.0,2,288,2,62,True
2024-03-01 05:44:00,2024-00014864,715 MONNETT AVE,Noise Complaint,OK0140200,6,5,,,W,,2,288,1,138,False
2024-03-01 05:53:00,2024-00014865,E GRAY ST / N JONES AVE,MVA Non Injury,OK0140200,6,5,33.0147,-83.5315,SE,3.0,5,214,2,62,False
2024-03-01 05:55:00,2024-00014866,800 LEXINGTON ST,Supplement Report,OK0140200,6,5,40.716,-82.543,NE,0.0,7,188,2,62,False
2024-03-01 05:59:00,2024-00003329,E GRAY ST / N JONES AVE,Public Assist,14005,6,5,33.0147,-83.5315,SE,3.0,4,229,2,62,False
2024-03-01 06:05:00,2024-00014867,1507 W LINDSEY ST,Found Item,OK0140200,6,6,42.0902,-71.9193,NE,1.0,1,310,1,138,False
2024-03-01 06:56:00,2024-00014868,418 IOWA ST,Fraud,OK0140200,6,6,,,W,,4,229,1,138,False
2024-03-01 07:05:00,2024-00004405,2550 W FRANKLIN RD,Transfer/Interfacility,EMSSTAT,6,7,,,W,,19,42,3,44,True
2024-03-01 07:12:00,2024-00014874,3617 24TH AVE SE,Burglary,OK0140200,6,7,,,W,,5,214,1,138,False
2024-03-01 07:13:00,2024-00003330,1001 DRAKE DR,Public Assist,14005,6,7,,,W,,4,229,1,138,False
2024-03-01 07:22:00,2024-00014869,E DAWS ST / N CRAWFORD AVE,Welfare Check,OK0140200,6,7,45.2424,-67.5199,NE,0.0,14,76,1,138,False
2024-03-01 07:24:00,2024-00014873,1900 RENAISSANCE DR,Assault,OK0140200,6,7,,,W,,1,310,1,138,False
2024-03-01 07:27:00,2024-00003331,1776 E ROBINSON ST,Unconscious/Fainting,14005,6,7,,,W,,5,214,2,62,True
2024-03-01 07:27:00,2024-00004399,1776 E ROBINSON ST,Unconscious/Fainting,EMSSTAT,6,7,,,W,,5,214,2,62,True
2024-03-01 07:30:00,2024-00014870,4023 N FLOOD AVE,Welfare Check,OK0140200,6,7,,,W,,14,76,1,138,False
2024-03-01 07:32:00,2024-00014871,1002 N PORTER AVE,Welfare Check,OK0140200,6,7,42.3579,-72.4856,NE,2.0,14,76,1,138,False
2024-03-01 07:36:00,2024-00003332,1111 24TH AVE SW,Public Assist,14005,6,7,,,W,,4,229,1,138,False
2024-03-01 07:37:00,2024-00014872,2370 N FLOOD AVE,Traffic Stop,OK0140200,6,7,,,W,,41,1,1,138,False
2024-03-01 07:38:00,2024-90000078,MAIN ST,Larceny,OK0140200,6,7,48.9492,-55.6612,NE,0.0,9,162,1,138,False
2024-03-01 07:41:00,2024-00004400,151 W BROOKS AVE,Stand By EMS,EMSSTAT,6,7,,,W,,6,202,1,138,True
2024-03-01 07:52:00,2024-00014875,1124 N PORTER AVE,Alarm,OK0140200,6,7,39.5764,-95.1241,NE,3.0,10,152,1,138,False
2024-03-01 08:01:00,2024-00014876,1508 DAKOTA ST,Welfare Check,OK0140200,6,8,7.1288,-73.5698,SE,0.0,14,76,1,138,False
2024-03-01 08:05:00,2024-00014877,1201 ALAMEDA ST,Contact a Subject,OK0140200,6,8,,,W,,13,104,2,62,False
2024-03-01 08:11:00,2024-00014878,2900 W LINDSEY ST,Fraud,OK0140200,6,8,,,W,,4,229,1,138,False
2024-03-01 08:12:00,2024-00014879,E CEDAR LANE RD / 48TH AVE SE,Animal Livestock,OK0140200,6,8,44.0047,-123.0918,NW,3.0,1,310,1,138,False
2024-03-01 08:22:00,2024-00014880,2555 HEMPHILL DR,Follow Up,OK0140200,6,8,,,W,,4,229,1,138,False
2024-03-01 08:22:00,2024-00014885,3263 CLASSEN BLVD,Burglary,OK0140200,6,8,,,W,,5,214,1,138,False
2024-03-01 08:23:00,2024-00014881,511 156TH AVE NE,Animal Trapped,OK0140200,6,8,41.2664,-96.1597,NE,0.0,6,202,2,62,False
2024-03-01 08:26:00,2024-00014882,216 W HADDOCK ST,Supplement Report,OK0140200,6,8,,,W,,7,188,1,138,False
2024-03-01 08:31:00,2024-00014898,561 MERCHANT DR,Supplement Report,OK0140200,6,8,,,W,,7,188,1,138,False
2024-03-01 08:31:00,2024-00014883,1601 MCGEE DR,Contact a Subject,OK0140200,6,8,,,W,,13,104,1,138,False
2024-03-01 08:43:00,2024-00014884,3104 WOODCREST CREEK DR,Extra Patrol,OK0140200,6,8,42.9763,-71.4218,NE,0.0,1,310,2,62,False
2024-03-01 08:51:00,2024-90000079,4420 132ND AVE SE,Harassment / Threats Report,OK0140200,6,8,,,W,,4,229,1,138,False
2024-03-01 08:55:00,2024-00014891,511 156TH AVE NE,Animal Trapped,OK0140200,6,8,41.2664,-96.1597,NE,0.0,6,202,2,62,False
2024-03-01 09:00:00,2024-00014886,1005 W BROOKS ST,Parking Problem,OK0140200,6,9,,,W,,4,229,1,138,False
2024-03-01 09:02:00,2024-00004401,901 N PORTER AVE,Transfer/Interfacility,EMSSTAT,6,9,39.5765,-95.1245,NE,3.0,19,42,15,1,True
2024-03-01 09:04:00,2024-00014894,400 26TH AVE NW,Supplement Report,OK0140200,6,9,,,W,,7,188,3,44,False
2024-03-01 09:08:00,2024-00014887,911 W MAIN ST,Runaway or Lost Child,OK0140200,6,9,,,W,,4,229,2,62,False
2024-03-01 09:10:00,2024-00004410,901 N PORTER AVE,Transfer/Interfacility,EMSSTAT,6,9,39.5765,-95.1245,NE,3.0,19,42,15,1,True
2024-03-01 09:10:00,2024-00014888,6665 INTERSTATE DR,Suspicious,OK0140200,6,9,,,W,,11,141,1,138,False
2024-03-01 09:16:00,2024-00014889,N LAHOMA AVE / W HUGHBERT ST,Motorist Assist,OK0140200,6,9,,,W,,3,273,1,138,False
2024-03-01 09:17:00,2024-00014907,2718 OSAGE WAY,Supplement Report,OK0140200,6,9,,,W,,7,188,1,138,False
2024-03-01 09:18:00,2024-00014892,12TH AVE SE / E STATE HWY 9 HWY,Contact a Subject,OK0140200,6,9,,,W,,13,104,1,138,False
2024-03-01 09:21:00,2024-00014890,209 CHALMETTE DR,Open Door/Premises Check,OK0140200,6,9,,,W,,2,288,3,44,False
2024-03-01 09:22:00,2024-00003333,4100 N FLOOD AVE,Fire Alarm,14005,6,9,,,W,,12,117,1,138,False
2024-03-01 09:23:00,2024-00014893,4019 N FLOOD AVE,Alarm,OK0140200,6,9,,,W,,10,152,1,138,False
2024-03-01 09:52:00,2024-00014895,201 REED AVE,Trespassing,OK0140200,6,9,,,W,,12,117,3,44,False
2024-03-01 10:00:00,2024-00014897,2601 SUMMIT CROSSING PKWY,Vandalism,OK0140200,6,10,35.2127,-97.404,SE,0.0,1,310,1,138,False
2024-03-01 10:02:00,2024-00003334,1330 12TH AVE SE,Chest Pain,14005,6,10,45.5516,-94.1357,NE,0.0,3,273,2,62,True
2024-03-01 10:02:00,2024-00004402,1330 12TH AVE SE,Chest Pain,EMSSTAT,6,10,45.5516,-94.1357,NE,0.0,3,273,2,62,True
2024-03-01 10:05:00,2024-00003335,301 TRIAD VILLAGE DR,Heart Problems/AICD,14005,6,10,,,W,,4,229,4,28,True
2024-03-01 10:05:00,2024-00004403,301 TRIAD VILLAGE DR,Heart Problems/AICD,EMSSTAT,6,10,,,W,,4,229,4,28,True
2024-03-01 10:10:00,2024-00014896,2500 MEADOWOOD BLVD,Parking Problem,OK0140200,6,10,,,W,,4,229,1,138,False
2024-03-01 10:11:00,2024-00003336,1906 FILLMORE AVE,Headache,14005,6,10,,,W,,4,229,2,62,True
2024-03-01 10:11:00,2024-00004404,1906 FILLMORE AVE,Headache,EMSSTAT,6,10,,,W,,4,229,2,62,True
2024-03-01 10:16:00,2024-00014912,930 ED NOBLE DR,Supplement Report,OK0140200,6,10,,,W,,7,188,2,62,False
2024-03-01 10:26:00,2024-00003337,113 CRESTLAND DR,Breathing Problems,14005,6,10,35.4434,-86.4044,NE,3.0,2,288,2,62,True
2024-03-01 10:26:00,2024-00004406,113 CRESTLAND DR,Breathing Problems,EMSSTAT,6,10,35.4434,-86.4044,NE,3.0,2,288,2,62,True
2024-03-01 10:29:00,2024-00014899,W IMHOFF RD / JENKINS AVE,MVA Non Injury,OK0140200,6,10,,,W,,5,214,1,138,False
2024-03-01 10:35:00,2024-00004407,300 W IMHOFF RD,Stand By EMS,EMSSTAT,6,10,54.1494,9.8535,NE,0.0,6,202,1,138,True
2024-03-01 10:37:00,2024-00014900,"215 N PONCA AVE, NORMAN",Follow Up,OK0140200,6,10,35.2252,-97.4385,NE,0.0,4,229,2,62,False
2024-03-01 10:40:00,2024-00014901,250 N COCKREL AVE,Mutual Aid,OK0140200,6,10,,,W,,2,288,2,62,False
2024-03-01 10:40:00,2024-00003338,315 WHITE ST,Fire Alarm,14005,6,10,,,W,,12,117,1,138,False
2024-03-01 10:42:00,2024-00014902,443 W GRAY ST,Suspicious,OK0140200,6,10,,,W,,11,141,1,138,False
2024-03-01 10:47:00,2024-00003339,1330 ALAMEDA ST,Falls,14005,6,10,,,W,,15,61,2,62,True
2024-03-01 10:47:00,2024-00004408,1330 ALAMEDA ST,Falls,EMSSTAT,6,10,,,W,,15,61,2,62,True
2024-03-01 10:49:00,2024-00014903,NANTUCKET BLVD / N PORTER AVE,Suspicious,OK0140200,6,10,41.5276,-87.1483,NE,0.0,11,141,1,138,False
2024-03-01 10:52:00,2024-00014928,3301 W TECUMSEH RD,Fraud,OK0140200,6,10,43.2317,-71.5063,NE,0.0,4,229,1,138,False
2024-03-01 10:58:00,2024-00014904,N FLOOD AVE / W TONHAWA ST,Contact a Subject,OK0140200,6,10,,,W,,13,104,1,138,False
2024-03-01 10:58:00,2024-00014905,E TECUMSEH RD / 48TH AVE NE,Animal at Large,OK0140200,6,10,40.3681,-96.195,NE,3.0,4,229,1,138,False
2024-03-01 10:59:00,2024-00014906,809 BRITTANY CT,Animal Dead,OK0140200,6,10,,,W,,1,310,1,138,False
2024-03-01 11:05:00,2024-00014911,1810 VANESSA DR,Animal Injured,OK0140200,6,11,,,W,,4,229,1,138,False
2024-03-01 11:15:00,2024-00014908,I35 SB OFF RAMP 110B RAMP / W ROBINSON ST,Check Area,OK0140200,6,11,31.4761,-97.1614,SE,0.0,7,188,1,138,False
2024-03-01 11:17:00,2024-00014917,225 INTERSTATE DR,Larceny,OK0140200,6,11,,,W,,9,162,1,138,False
2024-03-01 11:27:00,2024-00014909,ALAMEDA ST / TRIAD VILLAGE DR,Traffic Stop,OK0140200,6,11,37.6966,-122.0764,NW,53.0,41,1,1,138,False
2024-03-01 11:31:00,2024-00014910,1014 DRAKE DR,Disturbance/Domestic,OK0140200,6,11,,,W,,14,76,1,138,False
2024-03-01 11:35:00,2024-00014913,3651 CLASSEN BLVD,Animal at Large,OK0140200,6,11,,,W,,4,229,1,138,False
2024-03-01 11:41:00,2024-00014914,N PETERS AVE / E MOSIER ST,Suspicious,OK0140200,6,11,52.1949,11.5417,NE,1.0,11,141,1,138,False
2024-03-01 11:42:00,2024-00014915,1427 CHERRY STONE ST,Animal Trapped,OK0140200,6,11,,,W,,6,202,1,138,False
2024-03-01 11:49:00,2024-00004414,901 N PORTER AVE,Transfer/Interfacility,EMSSTAT,6,11,39.5765,-95.1245,NE,3.0,19,42,15,1,True
2024-03-01 11:56:00,2024-00004409,2500 JENKINS AVE,Stand By EMS,EMSSTAT,6,11,,,W,,6,202,1,138,True
2024-03-01 11:58:00,2024-00014916,104 W DALE ST,Contact a Subject,OK0140200,6,11,,,W,,13,104,1,138,False
2024-03-01 11:59:00,2024-00003340,3300 HEALTHPLEX PKWY,Fire Alarm,14005,6,11,,,W,,12,117,6,16,False
2024-03-01 12:00:00,2024-00014918,3860 24TH AVE NE,Disturbance/Domestic,OK0140200,6,12,40.858,-95.8731,NE,3.0,14,76,1,138,False
2024-03-01 12:01:00,2024-00003341,1122 24TH AVE SW,Falls,14005,6,12,,,W,,15,61,2,62,True
2024-03-01 12:01:00,2024-00004411,1122 24TH AVE SW,Falls,EMSSTAT,6,12,,,W,,15,61,2,62,True
2024-03-01 12:06:00,2024-00014919,CLASSEN BLVD / E CEDAR LANE RD,Animal at Large,OK0140200,6,12,28.9373,-95.7338,SE,3.0,4,229,1,138,False
2024-03-01 12:08:00,2024-00004412,2500 S JENKINS AVE,Stand By EMS,EMSSTAT,6,12,,,W,,6,202,1,138,True
2024-03-01 12:09:00,2024-00004413,901 N PORTER AVE,Transfer/Interfacility,EMSSTAT,6,12,39.5765,-95.1245,NE,3.0,19,42,15,1,True
2024-03-01 12:17:00,2024-00014920,3212 POCASSET CIR,Animal Trapped,OK0140200,6,12,,,W,,6,202,1,138,False
2024-03-01 12:18:00,2024-00003342,808 HAWKS NEST DR,Fire Alarm,14005,6,12,,,W,,12,117,1,138,False
2024-03-01 12:29:00,2024-00014921,3104 WOODCREST CREEK DR,Animal at Large,OK0140200,6,12,42.9763,-71.4218,NE,0.0,4,229,2,62,False
2024-03-01 12:34:00,2024-00014922,1226 CLASSEN BLVD,Suspicious,OK0140200,6,12,,,W,,11,141,2,62,False
2024-03-01 12:36:00,2024-00014923,156TH AVE SE / STATE HWY 9 HWY,Motorist Assist,OK0140200,6,12,,,W,,3,273,1,138,False
2024-03-01 12:40:00,2024-00003343,108 E DALE ST,Fire Residential,14005,6,12,,,W,,2,288,2,62,True
2024-03-01 12:40:00,2024-00004415,108 E DALE ST,Fire Residential,EMSSTAT,6,12,,,W,,2,288,2,62,True
2024-03-01 12:44:00,2024-00003344,3908 SPARKLE ST,Headache,14005,6,12,,,W,,4,229,2,62,True
2024-03-01 12:44:00,2024-00004416,3908 SPARKLE ST,Headache,EMSSTAT,6,12,,,W,,4,229,2,62,True
2024-03-01 12:50:00,2024-00014939,PAGE CIR / PAGE ST,Check Area,OK0140200,6,12,36.8765,-111.5018,NW,0.0,7,188,1,138,False
2024-03-01 12:50:00,2024-00014924,814 WOODS AVE,Disturbance/Domestic,OK0140200,6,12,,,W,,14,76,2,62,False
2024-03-01 12:50:00,2024-00014925,814 WOODS AVE,Disturbance/Domestic,OK0140200,6,12,,,W,,14,76,2,62,False
2024-03-01 12:56:00,2024-00003345,910 EAGLEROCK LN,Falls,14005,6,12,,,W,,15,61,2,62,True
2024-03-01 12:56:00,2024-00004417,910 EAGLEROCK LN,Falls,EMSSTAT,6,12,,,W,,15,61,2,62,True
2024-03-01 13:05:00,2024-00014927,209 CHALMETTE DR,Trespassing,OK0140200,6,13,,,W,,12,117,3,44,False
2024-03-01 13:09:00,2024-00014926,2735 CABIN RD,Animal Complaint,OK0140200,6,13,,,W,,3,273,1,138,False
2024-03-01 13:21:00,2024-00014943,1214 CLEARWATER DR,Contact a Subject,OK0140200,6,13,,,W,,13,104,1,138,False
2024-03-01 13:27:00,2024-00014930,1400 24TH AVE NW,Larceny,OK0140200,6,13,39.1194,-94.6561,NE,3.0,9,162,1,138,False
2024-03-01 13:27:00,2024-00014929,3954 CLASSEN BLVD,Traffic Stop,OK0140200,6,13,,,W,,41,1,1,138,False
2024-03-01 13:28:00,2024-00003346,2550 W FRANKLIN RD,Overdose/Poisoning,14005,6,13,,,W,,2,288,3,44,True
2024-03-01 13:28:00,2024-00004418,2550 W FRANKLIN RD,Overdose/Poisoning,EMSSTAT,6,13,,,W,,2,288,3,44,True
2024-03-01 13:30:00,2024-00014946,769 ASP AVE,Missing Person,OK0140200,6,13,,,W,,1,310,2,62,False
2024-03-01 13:30:00,2024-00014931,2081 24TH AVE NW,Welfare Check,OK0140200,6,13,39.1299,-94.6558,NE,3.0,14,76,1,138,False
2024-03-01 13:31:00,2024-00014937,601 12TH AVE NE,Welfare Check,OK0140200,6,13,40.0959,-98.9574,NW,0.0,14,76,1,138,False
2024-03-01 13:36:00,2024-00014932,1670 N FLOOD AVE,Traffic Stop,OK0140200,6,13,,,W,,41,1,1,138,False
2024-03-01 13:38:00,2024-00014954,2550 MOUNT WILLIAMS DR,Larceny,OK0140200,6,13,39.1517,-78.3335,NE,0.0,9,162,2,62,False
2024-03-01 13:40:00,2024-00014933,1210 W ROBINSON ST,Traffic Stop,OK0140200,6,13,,,W,,41,1,1,138,False
2024-03-01 13:40:00,2024-00014934,123 W ROCK CREEK RD,COP DDACTS,OK0140200,6,13,34.3981,-84.5075,SE,53.0,2,288,1,138,False
2024-03-01 13:40:00,2024-00014949,710 DEANS ROW AVE,Burglary,OK0140200,6,13,,,W,,5,214,1,138,False
2024-03-01 13:40:00,2024-00003347,809 N FINDLAY AVE,Fire Alarm,14005,6,13,,,W,,12,117,2,62,False
2024-03-01 13:41:00,2024-00004429,901 N PORTER AVE,Transfer/Interfacility,EMSSTAT,6,13,39.5765,-95.1245,NE,3.0,19,42,15,1,True
2024-03-01 13:43:00,2024-00003348,809 N FINDLAY AVE,Fire Alarm,14005,6,13,,,W,,12,117,2,62,False
2024-03-01 13:44:00,2024-00014938,2900 W ROBINSON ST,Welfare Check,OK0140200,6,13,,,W,,14,76,1,138,False
2024-03-01 13:45:00,2024-00014935,1231 24TH AVE NE,COP DDACTS,OK0140200,6,13,40.8283,-95.873,NE,3.0,2,288,1,138,False
2024-03-01 13:46:00,2024-00014941,1226 CLASSEN BLVD,Trespassing,OK0140200,6,13,,,W,,12,117,2,62,False
2024-03-01 13:46:00,2024-00014936,500 EMERALD WAY,Parking Problem,OK0140200,6,13,,,W,,4,229,1,138,False
2024-03-01 13:48:00,2024-00014952,1550 24TH AVE NW,Larceny,OK0140200,6,13,39.1218,-94.656,NE,3.0,9,162,2,62,False
2024-03-01 13:48:00,2024-00003349,2818 CLASSEN BLVD,Hemorrhage/Lacerations,14005,6,13,,,W,,2,288,2,62,True
2024-03-01 13:48:00,2024-00004419,2818 CLASSEN BLVD,Hemorrhage/Lacerations,EMSSTAT,6,13,,,W,,2,288,2,62,True
2024-03-01 13:55:00,2024-00014940,800 N PETERS AVE,Mutual Aid,OK0140200,6,13,,,W,,2,288,1,138,False
2024-03-01 13:56:00,2024-00014942,125 VICKSBURG AVE,Contact a Subject,OK0140200,6,13,,,W,,13,104,1,138,False
2024-03-01 13:58:00,2024-00014945,761 JENKINS AVE,Public Intoxication,OK0140200,6,13,,,W,,4,229,1,138,False
2024-03-01 14:05:00,2024-00014944,968 24TH AVE NE,Traffic Stop,OK0140200,6,14,40.8248,-95.8733,NE,3.0,41,1,1,138,False
2024-03-01 14:13:00,2024-00014950,BNSF RR / W ACRES ST,Check Area,OK0140200,6,14,28.2411,-81.2959,SE,1.0,7,188,1,138,False
2024-03-01 14:13:00,2024-00004420,1818 W LINDSEY ST,Transfer/Interfacility,EMSSTAT,6,14,,,W,,19,42,1,138,True
2024-03-01 14:15:00,2024-00014947,2330 CLASSEN BLVD,Traffic Stop,OK0140200,6,14,,,W,,41,1,1,138,False
2024-03-01 14:20:00,2024-00014948,2841 CLASSEN BLVD,COP Problem Solving,OK0140200,6,14,,,W,,1,310,1,138,False
2024-03-01 14:27:00,2024-00014951,2536 CLASSEN BLVD,Traffic Stop,OK0140200,6,14,,,W,,41,1,1,138,False
2024-03-01 14:33:00,2024-00003350,211 E MAIN ST,Falls,14005,6,14,,,W,,15,61,2,62,True
2024-03-01 14:33:00,2024-00004421,211 E MAIN ST,Falls,EMSSTAT,6,14,,,W,,15,61,2,62,True
2024-03-01 14:35:00,2024-00014953,E LINDSEY ST / JENKINS AVE,Contact a Subject,OK0140200,6,14,53.3783,0.0033,NE,51.0,13,104,1,138,False
2024-03-01 14:37:00,2024-00004422,901 N PORTER AVE,Transfer/Interfacility,EMSSTAT,6,14,39.5765,-95.1245,NE,3.0,19,42,15,1,True
2024-03-01 14:38:00,2024-00003351,3402 CRAMPTON GAP WAY,Fire Alarm,14005,6,14,35.2589,-97.4509,NW,0.0,12,117,1,138,False
2024-03-01 14:40:00,2024-00014956,3015 TULIP CIR,Animal Injured,OK0140200,6,14,,,W,,4,229,1,138,False
2024-03-01 14:41:00,2024-00014955,1809 STUBBEMAN AVE,Fight,OK0140200,6,14,,,W,,1,310,2,62,False
2024-03-01 14:42:00,2024-00014957,2611 BRIARCLIFF,Animal Vicious,OK0140200,6,14,30.4072,-98.0578,SW,0.0,1,310,1,138,False
2024-03-01 14:45:00,2024-00003352,ARKANSAS ST / 12TH AVE SE,MVA With Injuries,14005,6,14,33.1214,-91.9712,SE,3.0,8,180,3,44,True
2024-03-01 14:45:00,2024-00004423,ARKANSAS ST / 12TH AVE SE,MVA With Injuries,EMSSTAT,6,14,33.1214,-91.9712,SE,3.0,8,180,3,44,True
2024-03-01 14:45:00,2024-00014959,ARKANSAS ST / 12TH AVE SE,MVA Non Injury,OK0140200,6,14,33.1214,-91.9712,SE,3.0,5,214,3,44,True
2024-03-01 14:45:00,2024-00014958,PARSONS ST / CHAUTAUQUA AVE,Parking Problem,OK0140200,6,14,42.3315,-79.5682,NE,0.0,4,229,1,138,False
2024-03-01 14:50:00,2024-00014960,1550 24TH AVE NW,Larceny,OK0140200,6,14,39.1218,-94.656,NE,3.0,9,162,2,62,False
2024-03-01 15:12:00,2024-00014962,1616 ALAMEDA ST,Welfare Check,OK0140200,6,15,,,W,,14,76,1,138,False
2024-03-01 15:15:00,2024-00014961,9850 E BOYD ST,Animal Trapped,OK0140200,6,15,,,W,,6,202,1,138,False
2024-03-01 15:18:00,2024-00014963,1502 E LINDSEY ST,Animal Complaint,OK0140200,6,15,22.5589,88.353,SE,0.0,3,273,1,138,False
2024-03-01 15:24:00,2024-00014964,E ROBINSON ST / N PORTER AVE,Welfare Check,OK0140200,6,15,35.1896,-102.0614,SW,0.0,14,76,1,138,False
2024-03-01 15:33:00,2024-00004425,3300 HEALTHPLEX PKWY,Transfer/Interfacility,EMSSTAT,6,15,,,W,,19,42,6,16,True
2024-03-01 15:34:00,2024-00014965,N FLOOD AVE / W MAIN ST,Suspicious,OK0140200,6,15,,,W,,11,141,1,138,False
2024-03-01 15:34:00,2024-00004424,3300 HEALTHPLEX PKWY,Transfer/Interfacility,EMSSTAT,6,15,,,W,,19,42,6,16,True
2024-03-01 15:40:00,2024-00014966,809 BILOXI DR,Runaway or Lost Child,OK0140200,6,15,,,W,,4,229,1,138,False
2024-03-01 15:41:00,2024-00014976,2808 DEWEY AVE,Harassment / Threats Report,OK0140200,6,15,,,W,,4,229,1,138,False
2024-03-01 15:45:00,2024-00014994,516 DALTON LN,Hit and Run,OK0140200,6,15,,,W,,3,273,1,138,False
2024-03-01 15:47:00,2024-00014967,201 REED AVE,Disturbance/Domestic,OK0140200,6,15,,,W,,14,76,3,44,False
2024-03-01 15:49:00,2024-00014968,1109 N PORTER AVE,Animal Injured,OK0140200,6,15,39.5765,-95.1292,NE,0.0,4,229,1,138,False
2024-03-01 15:55:00,2024-00004426,2900 JENKINS AVE,Stand By EMS,EMSSTAT,6,15,,,W,,6,202,2,62,True
2024-03-01 15:56:00,2024-00014970,736 NANCY LYNN TER,Check Area,OK0140200,6,15,35.2094,-97.4708,SW,1.0,7,188,1,138,False
2024-03-01 15:58:00,2024-00014969,"215 N PONCA AVE, NORMAN",Follow Up,OK0140200,6,15,35.2252,-97.4385,NE,0.0,4,229,2,62,False
2024-03-01 15:58:00,2024-00003353,2200 W MAIN ST,Stroke,14005,6,15,,,W,,1,310,2,62,True
2024-03-01 15:58:00,2024-00004427,2200 W MAIN ST,Sick Person,EMSSTAT,6,15,,,W,,9,162,2,62,True
2024-03-01 16:01:00,2024-00003354,1719 24TH AVE SW,Unconscious/Fainting,14005,6,16,42.3232,-83.0862,NE,1.0,5,214,2,62,True
2024-03-01 16:01:00,2024-00004428,1719 24TH AVE SW,Unconscious/Fainting,EMSSTAT,6,16,42.3232,-83.0862,NE,1.0,5,214,2,62,True
2024-03-01 16:01:00,2024-00014972,2552 WEYMOUTH WAY,Suspicious,OK0140200,6,16,,,W,,11,141,1,138,False
2024-03-01 16:05:00,2024-00014973,333 E BROOKS ST,Alarm,OK0140200,6,16,,,W,,10,152,2,62,False
2024-03-01 16:07:00,2024-00014975,1501 72ND AVE NE,Animal Trapped,OK0140200,6,16,41.2451,-96.0239,NE,2.0,6,202,1,138,False
2024-03-01 16:11:00,2024-00014971,1809 STUBBEMAN AVE,COP Relationships,OK0140200,6,16,,,W,,1,310,2,62,False
2024-03-01 16:13:00,2024-00014974,24TH AVE NW / W MAIN ST,Contact a Subject,OK0140200,6,16,-25.6481,27.2078,SE,1.0,13,104,1,138,False
2024-03-01 16:30:00,2024-00014977,3099 60TH AVE NW,Traffic Stop,OK0140200,6,16,,,W,,41,1,1,138,False
2024-03-01 16:31:00,2024-00014981,250 N COCKREL AVE,Contact a Subject,OK0140200,6,16,,,W,,13,104,2,62,False
2024-03-01 16:32:00,2024-00014979,DRAKE DR / CLASSEN BLVD,MVA Non Injury,OK0140200,6,16,,,W,,5,214,1,138,False
2024-03-01 16:40:00,2024-00003355,109 W GRAY ST,Falls,14005,6,16,,,W,,15,61,2,62,True
2024-03-01 16:40:00,2024-00004430,109 W GRAY ST,Falls,EMSSTAT,6,16,,,W,,15,61,2,62,True
2024-03-01 16:42:00,2024-00014978,4511 60TH AVE NW,Traffic Stop,OK0140200,6,16,,,W,,41,1,1,138,False
2024-03-01 16:44:00,2024-00014980,201 REED AVE,Trespassing,OK0140200,6,16,,,W,,12,117,3,44,False
2024-03-01 16:44:00,2024-00003356,2901 OAK TREE AVE,Falls,14005,6,16,,,W,,15,61,4,28,True
2024-03-01 16:44:00,2024-00004431,2901 OAK TREE AVE,Falls,EMSSTAT,6,16,,,W,,15,61,4,28,True
2024-03-01 16:48:00,2024-00014982,2710 SHORERIDGE AVE,Open Door/Premises Check,OK0140200,6,16,,,W,,2,288,1,138,False
2024-03-01 16:56:00,2024-00003357,301 TRIAD VILLAGE DR,Falls,14005,6,16,,,W,,15,61,4,28,True
2024-03-01 16:56:00,2024-00004432,301 TRIAD VILLAGE DR,Falls,EMSSTAT,6,16,,,W,,15,61,4,28,True
2024-03-01 17:03:00,2024-00014986,333 INTERSTATE DR,Larceny,OK0140200,6,17,,,W,,9,162,1,138,False
2024-03-01 17:04:00,2024-00014983,2619 QUANAH PARKER TRL,Disturbance/Domestic,OK0140200,6,17,35.2508,-97.4263,NE,0.0,14,76,1,138,False
2024-03-01 17:07:00,2024-00014987,1030 MISSOURI ST,Animal Complaint,OK0140200,6,17,,,W,,3,273,1,138,False
2024-03-01 17:07:00,2024-00014984,1243 ALAMEDA ST,Traffic Stop,OK0140200,6,17,,,W,,41,1,1,138,False
2024-03-01 17:08:00,2024-00015025,3301 W MAIN ST,Fraud,OK0140200,6,17,43.211,-71.5383,NE,0.0,4,229,1,138,False
2024-03-01 17:09:00,2024-00014985,911 W MAIN ST,Contact a Subject,OK0140200,6,17,,,W,,13,104,2,62,False
2024-03-01 17:16:00,2024-00014992,RIDGE LAKE BLVD / SUMMIT CROSSING PKWY,Hit and Run,OK0140200,6,17,39.2937,-80.2488,NE,1.0,3,273,1,138,False
2024-03-01 17:19:00,2024-00015022,930 ED NOBLE DR,Supplement Report,OK0140200,6,17,,,W,,7,188,2,62,False
2024-03-01 17:24:00,2024-00014993,333 E BROOKS ST,Check Area,OK0140200,6,17,,,W,,7,188,2,62,False
2024-03-01 17:26:00,2024-00014988,1201 ALAMEDA ST,Traffic Stop,OK0140200,6,17,,,W,,41,1,2,62,False
2024-03-01 17:28:00,2024-00014989,351 E ROBINSON ST,Trespassing,OK0140200,6,17,,,W,,12,117,1,138,False
2024-03-01 17:31:00,2024-00014990,1216 36TH AVE NW,Traffic Stop,OK0140200,6,17,39.1185,-94.6692,NE,2.0,41,1,1,138,False
2024-03-01 17:40:00,2024-00014991,7296 E FRANKLIN RD,Traffic Stop,OK0140200,6,17,,,W,,41,1,1,138,False
2024-03-01 17:40:00,2024-00004433,901 N PORTER AVE,Transfer/Interfacility,EMSSTAT,6,17,39.5765,-95.1245,NE,3.0,19,42,15,1,True
2024-03-01 17:40:00,2024-00014995,605 PEREGRINE DR,Larceny,OK0140200,6,17,,,W,,9,162,1,138,False
2024-03-01 17:41:00,2024-00014997,317 WHITE ST,Trespassing,OK0140200,6,17,,,W,,12,117,1,138,False
2024-03-01 17:47:00,2024-00015026,4309 MONTICELLO RD,Contact a Subject,OK0140200,6,17,,,W,,13,104,1,138,False
2024-03-01 17:49:00,2024-00015003,901 N PORTER AVE,Escort/Transport,OK0140200,6,17,39.5765,-95.1245,NE,3.0,1,310,15,1,False
2024-03-01 17:56:00,2024-00015004,215 N PONCA AVE,Harassment / Threats Report,OK0140200,6,17,,,W,,4,229,1,138,False
2024-03-01 17:56:00,2024-00014996,4803 HOSHALL AVE,Traffic Stop,OK0140200,6,17,,,W,,41,1,1,138,False
2024-03-01 18:01:00,2024-00014998,131 24TH AVE NW,Traffic Stop,OK0140200,6,18,-25.6518,27.2049,SE,1.0,41,1,1,138,False
2024-03-01 18:03:00,2024-00014999,E BOYD ST / CLASSEN BLVD,Welfare Check,OK0140200,6,18,,,W,,14,76,1,138,False
2024-03-01 18:07:00,2024-00015002,901 N PORTER AVE,Welfare Check,OK0140200,6,18,39.5765,-95.1245,NE,3.0,14,76,15,1,False
2024-03-01 18:08:00,2024-00015000,1321 N PORTER AVE,Traffic Stop,OK0140200,6,18,39.5765,-95.1306,NE,0.0,41,1,1,138,False
2024-03-01 18:09:00,2024-00015001,SHILOH DR / BRANDON CIR,Traffic Stop,OK0140200,6,18,32.2445,-89.9199,SE,53.0,41,1,1,138,False
2024-03-01 18:13:00,2024-00015005,N FLOOD AVE / W ROBINSON ST,Hit and Run,OK0140200,6,18,32.3317,-86.5881,SE,53.0,3,273,1,138,False
2024-03-01 18:21:00,2024-00015006,401 W MAIN ST,Alarm,OK0140200,6,18,,,W,,10,152,1,138,False
2024-03-01 18:22:00,2024-00003358,1650 24TH AVE NW,Fire Alarm,14005,6,18,39.1219,-94.656,NE,1.0,12,117,1,138,False
2024-03-01 18:31:00,2024-00003359,15700 E STATE HWY 9 HWY,Sick Person,14005,6,18,,,W,,9,162,2,62,True
2024-03-01 18:31:00,2024-00004434,15700 E STATE HWY 9 HWY,Sick Person,EMSSTAT,6,18,,,W,,9,162,2,62,True
2024-03-01 18:32:00,2024-00015007,7550 VISTA SPRINGS DR,Alarm Holdup/Panic,OK0140200,6,18,,,W,,3,273,1,138,False
2024-03-01 18:35:00,2024-00015008,101 N PORTER AVE,Runaway or Lost Child,OK0140200,6,18,,,W,,4,229,1,138,False
2024-03-01 18:44:00,2024-00015009,1820 LEGACY PARK DR,Traffic Stop,OK0140200,6,18,,,W,,41,1,1,138,False
2024-03-01 18:47:00,2024-00003360,4000 THUNDERBIRD ST,Convulsion/Seizure,14005,6,18,,,W,,2,288,2,62,True
2024-03-01 18:47:00,2024-00004435,4000 THUNDERBIRD ST,Convulsion/Seizure,EMSSTAT,6,18,,,W,,2,288,2,62,True
2024-03-01 18:53:00,2024-00015010,1673 24TH AVE NW,Suspicious,OK0140200,6,18,39.1219,-94.6559,NE,1.0,11,141,1,138,False
2024-03-01 19:04:00,2024-00003361,QUAIL CREEK DR / E STATE HWY 9 HWY,MVA With Injuries,14005,6,19,31.8845,-110.9367,SW,0.0,8,180,6,16,True
2024-03-01 19:04:00,2024-00004436,QUAIL CREEK DR / E STATE HWY 9 HWY,MVA With Injuries,EMSSTAT,6,19,31.8845,-110.9367,SW,0.0,8,180,6,16,True
2024-03-01 19:04:00,2024-00004437,QUAIL CREEK DR / E STATE HWY 9 HWY,MVA With Injuries,EMSSTAT,6,19,31.8845,-110.9367,SW,0.0,8,180,6,16,True
2024-03-01 19:04:00,2024-00004446,QUAIL CREEK DR / E STATE HWY 9 HWY,MVA With Injuries,EMSSTAT,6,19,31.8845,-110.9367,SW,0.0,8,180,6,16,True
2024-03-01 19:04:00,2024-00004447,QUAIL CREEK DR / E STATE HWY 9 HWY,MVA With Injuries,EMSSTAT,6,19,31.8845,-110.9367,SW,0.0,8,180,6,16,True
2024-03-01 19:04:00,2024-00015011,QUAIL CREEK DR / E STATE HWY 9 HWY,MVA With Injuries,OK0140200,6,19,31.8845,-110.9367,SW,0.0,8,180,6,16,True
2024-03-01 19:13:00,2024-00015012,201 W GRAY ST,Follow Up,OK0140200,6,19,,,W,,4,229,1,138,False
2024-03-01 19:13:00,2024-00015013,1411 REBECCA LN,Disturbance/Domestic,OK0140200,6,19,,,W,,14,76,1,138,False
2024-03-01 19:16:00,2024-00003362,744 ELM AVE,Fire Alarm,14005,6,19,,,W,,12,117,1,138,False
2024-03-01 19:31:00,2024-00015014,207 E MAIN ST,Alarm Holdup/Panic,OK0140200,6,19,,,W,,3,273,2,62,False
2024-03-01 19:36:00,2024-00015020,901 N PORTER AVE,Check Area,OK0140200,6,19,39.5765,-95.1245,NE,3.0,7,188,15,1,False
2024-03-01 19:40:00,2024-00015015,207 E MAIN ST,Public Intoxication,OK0140200,6,19,,,W,,4,229,2,62,False
2024-03-01 20:01:00,2024-00015016,817 BILOXI DR,Disturbance/Domestic,OK0140200,6,20,,,W,,14,76,1,138,False
2024-03-01 20:04:00,2024-00015021,2815 DEWEY AVE,Noise Complaint,OK0140200,6,20,,,W,,2,288,1,138,False
2024-03-01 20:04:00,2024-00003363,1050 RAMBLING OAKS DR,Heart Problems/AICD,14005,6,20,35.231,-97.4922,NW,0.0,4,229,2,62,True
2024-03-01 20:04:00,2024-00004438,1050 RAMBLING OAKS DR,Heart Problems/AICD,EMSSTAT,6,20,35.231,-97.4922,NW,0.0,4,229,2,62,True
2024-03-01 20:06:00,2024-00003364,1400 12TH AVE SE,Fire Alarm,14005,6,20,45.5507,-94.1357,NE,0.0,12,117,1,138,False
2024-03-01 20:06:00,2024-00015017,800 LEXINGTON ST,Disturbance/Domestic,OK0140200,6,20,40.716,-82.543,NE,0.0,14,76,2,62,False
2024-03-01 20:14:00,2024-00004439,901 N PORTER AVE,Transfer/Interfacility,EMSSTAT,6,20,39.5765,-95.1245,NE,3.0,19,42,15,1,True
2024-03-01 20:18:00,2024-00015019,3325 CHARDONNAY LN,Alarm,OK0140200,6,20,,,W,,10,152,1,138,False
2024-03-01 20:21:00,2024-00015018,401 12TH AVE SE,Welfare Check,OK0140200,6,20,45.5778,-94.1565,NE,0.0,14,76,1,138,False
2024-03-01 21:02:00,2024-00004441,901 N PORTER AVE,Transfer/Interfacility,EMSSTAT,6,21,39.5765,-95.1245,NE,3.0,19,42,15,1,True
2024-03-01 21:03:00,2024-00004440,2900 JENKINS AVE,Stand By EMS,EMSSTAT,6,21,,,W,,6,202,2,62,True
2024-03-01 21:05:00,2024-00004442,700 S TELEPHONE RD,Transfer/Interfacility,EMSSTAT,6,21,,,W,,19,42,1,138,True
2024-03-01 21:11:00,2024-00015023,731 W MAIN ST,Trespassing,OK0140200,6,21,,,W,,12,117,1,138,False
2024-03-01 21:12:00,2024-00003365,3001 PHEASANT RUN RD,Sick Person,14005,6,21,,,W,,9,162,4,28,True
2024-03-01 21:12:00,2024-00004443,3001 PHEASANT RUN RD,Sick Person,EMSSTAT,6,21,,,W,,9,162,4,28,True
2024-03-01 21:18:00,2024-00003366,1320 COLLEGE AVE,Fire Alarm,14005,6,21,,,W,,12,117,1,138,False
2024-03-01 21:20:00,2024-00015024,1412 LAKECREST DR,Disturbance/Domestic,OK0140200,6,21,,,W,,14,76,1,138,False
2024-03-01 21:25:00,2024-00004444,901 N PORTER AVE,Transfer/Interfacility,EMSSTAT,6,21,39.5765,-95.1245,NE,3.0,19,42,15,1,True
2024-03-01 21:57:00,2024-00015027,W ROBINSON ST / N INTERSTATE DR,Road Rage,OK0140200,6,21,,,W,,1,310,1,138,False
2024-03-01 22:11:00,2024-00015028,W LINDSEY ST / MCGEE DR,Traffic Stop,OK0140200,6,22,,,W,,41,1,1,138,False
2024-03-01 22:11:00,2024-00015060,RENAISSANCE DR / CLASSEN BLVD,Animal Injured,OK0140200,6,22,33.3516,-111.9238,SW,0.0,4,229,1,138,False
2024-03-01 22:19:00,2024-00015029,24TH AVE SW / BEVERLY HILLS ST,Traffic Stop,OK0140200,6,22,42.5192,-83.2857,NE,2.0,41,1,1,138,False
2024-03-01 22:21:00,2024-00004445,901 N PORTER AVE,Transfer/Interfacility,EMSSTAT,6,22,39.5765,-95.1245,NE,3.0,19,42,15,1,True
2024-03-01 22:23:00,2024-00015030,566 BUCHANAN AVE,Alarm,OK0140200,6,22,,,W,,10,152,1,138,False
2024-03-01 22:28:00,2024-00015031,12TH AVE NE / E ROBINSON ST,Drunk Driver,OK0140200,6,22,31.5344,-97.1182,SE,0.0,1,310,1,138,False
2024-03-01 22:29:00,2024-00015034,3001 PHEASANT RUN RD,Welfare Check,OK0140200,6,22,,,W,,14,76,4,28,False
2024-03-01 22:32:00,2024-00015032,1111 OAK TREE AVE,Contact a Subject,OK0140200,6,22,,,W,,13,104,1,138,False
2024-03-01 22:35:00,2024-00015033,960 ED NOBLE DR,Suspicious,OK0140200,6,22,,,W,,11,141,1,138,False
2024-03-01 22:50:00,2024-00015035,462 E BOYD ST,Traffic Stop,OK0140200,6,22,,,W,,41,1,1,138,False
2024-03-01 22:53:00,2024-00015036,2409 GLEN OAKS DR,Runaway or Lost Child,OK0140200,6,22,,,W,,4,229,1,138,False
2024-03-01 22:56:00,2024-00015037,1102 E MAIN ST,Traffic Stop,OK0140200,6,22,55.771,-4.1725,NE,3.0,41,1,1,138,False
2024-03-01 23:08:00,2024-00015038,627 RANCHO DR,Traffic Stop,OK0140200,6,23,,,W,,41,1,1,138,False
2024-03-01 23:13:00,2024-00015039,CLASSEN BLVD / E BROOKS ST,Traffic Stop,OK0140200,6,23,,,W,,41,1,1,138,False
2024-03-01 23:14:00,2024-00015040,N JAMES GARNER AVE / W MAIN ST,Traffic Stop,OK0140200,6,23,51.7624,11.9323,NE,1.0,41,1,1,138,False
2024-03-01 23:19:00,2024-00015054,600 PARKSIDE DR,Check Area,OK0140200,6,23,,,W,,7,188,1,138,False
2024-03-01 23:22:00,2024-00015041,1157 24TH AVE NW,Traffic Stop,OK0140200,6,23,39.1171,-94.6557,NE,0.0,41,1,1,138,False
2024-03-01 23:25:00,2024-00015042,2550 MOUNT WILLIAMS DR,Disturbance/Domestic,OK0140200,6,23,39.1517,-78.3335,NE,0.0,14,76,2,62,False
2024-03-01 23:29:00,2024-00015043,BILOXI DR / E BROOKS ST,Motorist Assist,OK0140200,6,23,30.3944,-88.8964,SE,3.0,3,273,1,138,False
2024-03-01 23:29:00,2024-00015044,4701 HERITAGE PLACE DR,Disturbance/Domestic,OK0140200,6,23,,,W,,14,76,1,138,False
2024-03-01 23:39:00,2024-00015052,1112 E BOYD ST,Loud Party,OK0140200,6,23,-37.0667,149.9333,SE,1.0,1,310,1,138,False
2024-03-01 23:42:00,2024-00003367,529 BUCHANAN AVE,Assault EMS Needed,14005,6,23,,,W,,2,288,3,44,True
2024-03-01 23:42:00,2024-00004448,529 BUCHANAN AVE,Assault EMS Needed,EMSSTAT,6,23,,,W,,2,288,3,44,True
2024-03-01 23:42:00,2024-00015046,529 BUCHANAN AVE,Disturbance/Domestic,OK0140200,6,23,,,W,,14,76,3,44,True
2024-03-01 23:48:00,2024-00003368,1016 26TH AVE NW,Fire Alarm,14005,6,23,-29.0849,153.4237,SE,0.0,12,117,1,138,False
2024-03-01 23:49:00,2024-00015049,901 N PORTER AVE,Suspicious,OK0140200,6,23,39.5765,-95.1245,NE,3.0,11,141,15,1,False
2024-03-01 23:50:00,2024-00015047,3001 PHEASANT RUN RD,Burglary,OK0140200,6,23,,,W,,5,214,4,28,False
2024-03-01 23:54:00,2024-00015048,W EUFAULA ST / S SANTA FE AVE,Traffic Stop,OK0140200,6,23,,,W,,41,1,1,138,False
2024-03-01 23:55:00,2024-00015057,11401 E INDIAN HILLS RD,Suspicious,OK0140200,6,23,39.0861,-119.7838,NW,73.0,11,141,1,138,False
2024-03-01 23:59:00,2024-00015050,3450 CHAUTAUQUA AVE,Alarm,OK0140200,6,23,,,W,,10,152,1,138,False
2024-03-01 23:59:00,2024-00004449,3300 HEALTHPLEX PKWY,Transfer/Interfacility,EMSSTAT,6,23,,,W,,19,42,6,16,True
